{
    "UriBase" : "http://localhost/34aac7/resources/",
    "NamespaceUriBase" : "specifications/",
    "Resources": ["users", "alerts", "segments", "actions"],
    "ResourcesConfiguration" : {
        "ACDefault" : {
            "DriverConnector" : "ac_persistence"
        },
        "Groups" : {
            "DriverConnector" : "ac_persistence",
            "Properties" : {
                "DefaultGroupId" : 1
            }
        }
    },
    "Connectors" : {
        "ac_persistence" : {
            "Name" : "infomobilita",
            "Properties" : {
                "ConnectionString" : {
                    "server" : "localhost",
                    "dbuser" : "s182539",
                    "dbpass" : "loortsta",
                    "dbname" : "infomobilita"
                }                
            }
        }
    }
}
